Date_t,Price_t,Actual_Price_t+1,Predicted_Price_t+1,Actual_Delta,Predicted_Delta
2022-12-07,4281.75,4310.75,4282.689004372702,29.0,0.9390043727020825
2022-12-08,4310.75,4281.25,4311.628992864747,-29.5,0.8789928647469825
2022-12-09,4281.25,4336.75,4282.166826700032,55.5,0.9168267000320511
2022-12-12,4336.75,4367.25,4337.573082116801,30.5,0.823082116800669
2022-12-13,4367.25,4343.0,4368.1664505547715,-24.25,0.9164505547710556
2022-12-14,4343.0,4239.5,4343.814425787731,-103.5,0.8144257877310459
2022-12-15,4239.5,4191.25,4240.470601667107,-48.25,0.9706016671070478
2022-12-16,4191.25,4157.75,4192.167329243958,-33.5,0.9173292439579286
2022-12-19,4157.75,4161.5,4158.670635264729,3.75,0.9206352647288572
2022-12-20,4161.5,4218.0,4162.406255629564,56.5,0.9062556295639995
2022-12-21,4218.0,4161.5,4218.817857859085,-56.5,0.8178578590851561
2022-12-22,4161.5,4182.0,4162.308306105424,20.5,0.8083061054240109
2022-12-23,4182.0,4167.25,4182.820373732698,-14.75,0.8203737326973132
2022-12-27,4167.25,4119.75,4168.147847767038,-47.5,0.8978477670377668
2022-12-28,4119.75,4184.0,4120.592629352642,64.25,0.8426293526422066
2022-12-29,4184.0,4173.25,4185.023131338162,-10.75,1.0231313381618947
2022-12-30,4173.25,4158.25,4174.251856626651,-15.0,1.0018566266504196
2023-01-03,4158.25,4186.75,4159.206989221934,28.5,0.9569892219340417
2023-01-04,4186.75,4141.25,4187.802716897149,-45.5,1.0527168971495369
2023-01-05,4141.25,4227.75,4142.108436549203,86.5,0.858436549203111
2023-01-06,4227.75,4226.0,4228.611638354823,-1.75,0.8616383548236377
2023-01-09,4226.0,4253.0,4226.916958150746,27.0,0.9169581507460187
2023-01-10,4253.0,4302.25,4253.82598393207,49.25,0.8259839320702663
2023-01-11,4302.25,4315.75,4303.0652523413455,13.5,0.8152523413455492
2023-01-12,4315.75,4330.5,4316.635632920194,14.75,0.8856329201942085
2023-01-13,4330.5,4321.75,4331.344887455664,-8.75,0.8448874556641889
2023-01-17,4321.75,4258.0,4322.664594056351,-63.75,0.9145940563514774
2023-01-18,4258.0,4227.75,4258.847169775965,-30.25,0.8471697759647228
2023-01-19,4227.75,4300.75,4228.593824660596,73.0,0.843824660595751
2023-01-20,4300.75,4348.75,4301.615353489896,48.0,0.865353489895424
2023-01-23,4348.75,4345.0,4349.5324221241435,-3.75,0.7824221241436222
2023-01-24,4345.0,4344.25,4345.7841217878395,-0.75,0.7841217878394544
2023-01-25,4344.25,4387.75,4345.225437666509,43.5,0.9754376665087057
2023-01-26,4387.75,4396.5,4388.642782263386,8.75,0.8927822633856392
2023-01-27,4396.5,4344.75,4397.455384156406,-51.75,0.9553841564053877
2023-01-30,4344.75,4402.25,4345.648744524541,57.5,0.8987445245408043
2023-01-31,4402.25,4444.5,4403.09676736083,42.25,0.846767360829942
2023-02-01,4444.5,4503.75,4445.479014471769,59.25,0.9790144717688316
2023-02-02,4503.75,4460.0,4504.614333289706,-43.75,0.8643332897061667
2023-02-03,4460.0,4435.75,4460.98141819462,-24.25,0.9814181946199858
2023-02-06,4435.75,4488.0,4436.579898973401,52.25,0.8298989734011765
2023-02-07,4488.0,4442.75,4488.845028357789,-45.25,0.8450283577889397
2023-02-08,4442.75,4404.0,4443.609198058656,-38.75,0.859198058656543
2023-02-09,4404.0,4412.0,4404.864265729187,8.0,0.8642657291863781
2023-02-10,4412.0,4459.5,4412.852109100398,47.5,0.8521091003976576
2023-02-13,4459.5,4457.75,4460.359559165264,-1.75,0.8595591652635635
2023-02-14,4457.75,4470.5,4458.6146194801395,12.75,0.8646194801394265
2023-02-15,4470.5,4412.0,4471.32724831423,-58.5,0.8272483142302512
2023-02-16,4412.0,4399.75,4412.849534925605,-12.25,0.8495349256057456
2023-02-17,4399.75,4318.0,4400.698023371953,-81.75,0.9480233719528319
2023-02-21,4318.0,4311.25,4318.893079238988,-6.75,0.8930792389884581
2023-02-22,4311.25,4331.0,4312.207983877767,19.75,0.957983877767356
2023-02-23,4331.0,4288.0,4331.856545498723,-43.0,0.8565454987231589
2023-02-24,4288.0,4300.25,4288.8716630553645,12.25,0.8716630553646936
2023-02-27,4300.25,4287.75,4301.102298824987,-12.5,0.8522988249869563
2023-02-28,4287.75,4268.75,4288.604899477105,-19.0,0.8548994771054741
2023-03-01,4268.75,4297.0,4269.567829460105,28.25,0.8178294601044396
2023-03-02,4297.0,4362.0,4297.829337583438,65.0,0.8293375834381999
2023-03-03,4362.0,4364.75,4362.792332200703,2.75,0.7923322007030699
2023-03-06,4364.75,4302.0,4365.5851748609875,-62.75,0.8351748609871952
2023-03-07,4302.0,4307.25,4302.77526234467,5.25,0.7752623446701206
2023-03-08,4307.25,4232.25,4308.068012236128,-75.0,0.8180122361277709
2023-03-09,4232.25,4175.0,4233.090324924582,-57.25,0.8403249245823639
2023-03-10,4175.0,4169.0,4175.825463171314,-6.0,0.8254631713145134
2023-03-13,4169.0,4232.75,4169.920304262429,63.75,0.9203042624291671
2023-03-14,4232.75,4205.0,4234.0367513350275,-27.75,1.2867513350270947
2023-03-15,4205.0,4272.75,4206.1059724630395,67.75,1.1059724630398953
2023-03-16,4272.75,4225.25,4274.303132945889,-47.5,1.5531329458892142
2023-03-17,4225.25,4261.25,4226.262624416444,36.0,1.0126244164441351
2023-03-20,4261.25,4314.0,4262.475091884459,52.75,1.2250918844590333
2023-03-21,4314.0,4248.75,4314.860779747392,-65.25,0.8607797473920145
2023-03-22,4248.75,4256.25,4249.492018181627,7.5,0.7420181816267546
2023-03-23,4256.25,4279.5,4257.189386044084,23.25,0.9393860440840024
2023-03-24,4279.5,4285.5,4280.322121846541,6.0,0.8221218465412226
2023-03-27,4285.5,4279.75,4286.409420075114,-5.75,0.9094200751143139
2023-03-28,4279.75,4335.75,4280.64442246195,56.0,0.8944224619500039
2023-03-29,4335.75,4358.25,4336.64768668602,22.5,0.8976866860199599
2023-03-30,4358.25,4416.0,4359.150002645012,57.75,0.9000026450117915
2023-03-31,4416.0,4432.0,4416.904204599112,16.0,0.9042045991114659
2023-04-03,4432.0,4407.25,4432.86427224353,-24.75,0.8642722435296154
2023-04-04,4407.25,4395.5,4408.160919514506,-11.75,0.910919514505588
2023-04-05,4395.5,4410.25,4396.367537560902,14.75,0.8675375609013973
2023-04-06,4410.25,4414.75,4411.117457465719,4.5,0.8674574657187538
2023-04-11,4414.75,4397.25,4415.605645269435,-17.5,0.8556452694343512
2023-04-12,4397.25,4451.0,4398.092271382947,53.75,0.8422713829463808
2023-04-13,4451.0,4442.0,4451.80820821165,-9.0,0.8082082116499232
2023-04-14,4442.0,4455.0,4442.890054883226,13.0,0.890054883226352
2023-04-17,4455.0,4458.25,4455.819468773339,3.25,0.8194687733397418
2023-04-18,4458.25,4456.75,4459.182761110359,-1.5,0.9327611103594464
2023-04-19,4456.75,4430.75,4457.622641279179,-26.0,0.8726412791791549
2023-04-20,4430.75,4435.0,4431.650699242204,4.25,0.9006992422033953
2023-04-21,4435.0,4437.75,4435.854383450659,2.75,0.8543834506589209
2023-04-24,4437.75,4371.5,4438.617423974918,-66.25,0.8674239749176912
2023-04-25,4371.5,4354.25,4372.395548388896,-17.25,0.8955483888959459
2023-04-26,4354.25,4432.0,4355.171150323901,77.75,0.9211503239012514
2023-04-27,4432.0,4466.75,4432.913029189687,34.75,0.9130291896869596
2023-04-28,4466.75,4415.0,4467.664881312863,-51.75,0.9148813128632373
2023-05-02,4415.0,4385.75,4415.858237135026,-29.25,0.8582371350258938
2023-05-03,4385.75,4354.0,4386.61923736107,-31.75,0.8692373610705755
2023-05-04,4354.0,4428.5,4354.8676284039,74.5,0.8676284038998753
2023-05-05,4428.5,4431.0,4429.378577895963,2.5,0.8785778959624458
2023-05-08,4431.0,4412.25,4431.862618814305,-18.75,0.8626188143054376
2023-05-09,4412.25,4430.25,4413.21964738838,18.0,0.9696473883793196
2023-05-10,4430.25,4422.0,4431.137222875272,-8.25,0.8872228752712882
2023-05-11,4422.0,4416.25,4422.951030498552,-5.75,0.9510304985524831
2023-05-12,4416.25,4428.25,4417.073324733777,12.0,0.8233247337762774
2023-05-15,4428.25,4401.25,4429.099974794008,-27.0,0.8499747940076812
2023-05-16,4401.25,4449.75,4402.0847942013825,48.5,0.8347942013827748
2023-05-17,4449.75,4490.25,4450.6170371267135,40.5,0.8670371267135708
2023-05-18,4490.25,4483.0,4491.121099880329,-7.25,0.8710998803287175
2023-05-19,4483.0,4483.25,4483.862260981815,0.25,0.8622609818148518
2023-05-22,4483.25,4437.0,4484.154769615652,-46.25,0.9047696156523588
2023-05-23,4437.0,4404.25,4437.859847889131,-32.75,0.8598478891310913
2023-05-24,4404.25,4438.0,4405.141580293677,33.75,0.8915802936770985
2023-05-25,4438.0,4491.5,4438.862849957051,53.5,0.8628499570515004
2023-05-26,4491.5,4493.25,4492.407317532008,1.75,0.9073175320085062
2023-05-30,4493.25,4468.75,4494.1008091912645,-24.5,0.8508091912644471
2023-05-31,4468.75,4506.25,4469.642960994269,37.5,0.8929609942686907
2023-06-01,4506.25,4566.25,4507.129599900746,60.0,0.8795999007465534
2023-06-02,4566.25,4559.25,4567.1359243320585,-7.0,0.8859243320587359
2023-06-05,4559.25,4568.0,4560.138714733403,8.75,0.8887147334026793
2023-06-06,4568.0,4552.5,4568.898085706313,-15.5,0.8980857063132422
2023-06-07,4552.5,4576.5,4553.405715685967,24.0,0.9057156859672267
2023-06-08,4576.5,4583.0,4577.405572214458,6.5,0.905572214457807
2023-06-09,4583.0,4621.0,4583.940493675285,38.0,0.9404936752853059
2023-06-12,4621.0,4650.0,4621.877820519058,29.0,0.8778205190580831
2023-06-13,4650.0,4652.5,4650.895095357005,2.5,0.8950953570047374
2023-06-14,4652.5,4704.75,4653.405986779112,52.25,0.9059867791123503
2023-06-15,4704.75,4687.25,4705.5972122258545,-17.5,0.8472122258545117
2023-06-16,4687.25,4668.25,4688.121491066022,-19.0,0.8714910660218222
2023-06-20,4668.25,4642.75,4669.089661412506,-25.5,0.8396614125058941
2023-06-21,4642.75,4657.25,4643.645193977884,14.5,0.8951939778840596
2023-06-22,4657.25,4622.5,4658.11633280405,-34.75,0.8663328040500439
2023-06-23,4622.5,4603.75,4623.411652956726,-18.75,0.9116529567266844
2023-06-26,4603.75,4652.25,4604.669695348861,48.5,0.9196953488609638
2023-06-27,4652.25,4651.0,4653.170931399581,-1.25,0.9209313995807136
2023-06-28,4651.0,4669.25,4651.927970458413,18.25,0.9279704584131682
2023-06-29,4669.25,4721.75,4670.203565449191,52.5,0.9535654491907323
2023-06-30,4721.75,4725.75,4722.643678469125,4.0,0.893678469124564
2023-07-03,4725.75,4717.25,4726.644254505732,-8.5,0.894254505731664
2023-07-05,4717.25,4680.5,4718.164569207332,-36.75,0.9145692073316309
2023-07-06,4680.5,4667.5,4681.362153438743,-13.0,0.8621534387433327
2023-07-07,4667.5,4677.75,4668.378761996577,10.25,0.8787619965767235
2023-07-10,4677.75,4707.0,4678.586394598703,29.25,0.8363945987030565
2023-07-11,4707.0,4741.0,4707.846994618978,34.0,0.846994618977856
2023-07-12,4741.0,4777.0,4741.889864553958,36.0,0.8898645539582813
2023-07-13,4777.0,4770.25,4777.876855107754,-6.75,0.8768551077534809
2023-07-14,4770.25,4787.25,4771.148556788622,17.0,0.8985567886219695
2023-07-17,4787.25,4821.25,4788.114827671411,34.0,0.8648276714107485
2023-07-18,4821.25,4830.5,4822.125805126489,9.25,0.8758051264887596
2023-07-19,4830.5,4799.0,4831.470239766154,-31.5,0.9702397661540938
2023-07-20,4799.0,4798.25,4799.902193180347,-0.75,0.9021931803469313
2023-07-21,4798.25,4817.0,4799.229446283155,18.75,0.979446283154916
2023-07-24,4817.0,4829.5,4817.872341257998,12.5,0.8723412579988141
2023-07-25,4829.5,4828.75,4830.388008435667,-0.75,0.8880084356668195
2023-07-26,4828.75,4797.75,4829.634517057627,-31.0,0.8845170576269943
2023-07-27,4797.75,4840.0,4798.64623183315,42.25,0.8962318331497369
2023-07-28,4840.0,4848.0,4840.860728811268,8.0,0.860728811267946
2023-07-31,4848.0,4834.75,4848.895416725019,-13.25,0.8954167250181085
2023-08-01,4834.75,4770.75,4835.626044674105,-64.0,0.8760446741055835
2023-08-02,4770.75,4755.25,4771.638366281368,-15.5,0.8883662813677474
2023-08-03,4755.25,4731.5,4756.141408817872,-23.75,0.8914088178719445
2023-08-04,4731.5,4771.25,4732.3716810809965,39.75,0.8716810809963427
2023-08-07,4771.25,4752.0,4772.143556491242,-19.25,0.8935564912412784
2023-08-08,4752.0,4719.25,4752.853306442624,-32.75,0.8533064426237335
2023-08-09,4719.25,4719.25,4720.130297504256,0.0,0.8802975042560858
2023-08-10,4719.25,4714.25,4720.113376782574,-5.0,0.8633767825744345
2023-08-11,4714.25,4739.5,4715.158422815446,25.25,0.9084228154464522
2023-08-14,4739.5,4687.5,4740.358433919979,-52.0,0.8584339199792129
2023-08-15,4687.5,4653.5,4688.407643150707,-34.0,0.907643150707427
2023-08-16,4653.5,4618.0,4654.371447333011,-35.5,0.8714473330107168
2023-08-17,4618.0,4616.25,4618.887708584533,-1.75,0.887708584533234
2023-08-18,4616.25,4646.0,4617.1208996762725,29.75,0.8708996762725945
2023-08-21,4646.0,4632.75,4646.8866205541935,-13.25,0.8866205541935671
2023-08-22,4632.75,4680.5,4633.630020467504,47.75,0.8800204675045595
2023-08-23,4680.5,4619.5,4681.385800286336,-61.0,0.8858002863364104
2023-08-24,4619.5,4647.75,4620.448446430387,28.25,0.9484464303866816
2023-08-25,4647.75,4675.75,4648.655263523495,28.0,0.9052635234951125
2023-08-28,4675.75,4740.25,4676.705890267763,64.5,0.9558902677623877
2023-08-29,4740.25,4757.75,4741.136582811974,17.5,0.886582811973863
2023-08-30,4757.75,4749.5,4758.6490413016245,-8.25,0.8990413016242057
2023-08-31,4749.5,4755.0,4750.391070042576,5.5,0.8910700425762
2023-09-01,4755.0,4736.0,4755.915191727351,-19.0,0.9151917273511816
2023-09-05,4736.0,4705.0,4736.89767700179,-31.0,0.8976770017899024
2023-09-06,4705.0,4689.75,4705.938363108796,-15.25,0.9383631087960109
2023-09-07,4689.75,4695.25,4690.623099623825,5.5,0.8730996238247466
2023-09-08,4695.25,4723.75,4696.135425065546,28.5,0.8854250655462863
2023-09-11,4723.75,4698.5,4724.618498958477,-25.25,0.8684989584772943
2023-09-12,4698.5,4702.25,4699.385049346037,3.75,0.8850493460372151
2023-09-13,4702.25,4739.5,4703.10101008315,37.25,0.8510100831498978
2023-09-14,4739.5,4682.5,4740.365317676788,-57.0,0.8653176767883646
2023-09-15,4682.5,4686.0,4683.35045152296,3.5,0.8504515229593848
2023-09-18,4686.0,4674.5,4686.840000872488,-11.5,0.8400008724882594
2023-09-19,4674.5,4631.5,4675.344935920523,-43.0,0.8449359205236393
2023-09-20,4631.5,4556.5,4632.3677677693595,-75.0,0.8677677693590523
2023-09-21,4556.5,4545.5,4557.347301127503,-11.0,0.8473011275027619
2023-09-22,4545.5,4563.25,4546.378175945796,17.75,0.8781759457958535
2023-09-25,4563.25,4499.25,4564.099597650504,-64.0,0.8495976505040627
2023-09-26,4499.25,4498.0,4500.18188634933,-1.25,0.9318863493301078
2023-09-27,4498.0,4522.0,4498.883038377427,24.0,0.8830383774261962
2023-09-28,4522.0,4510.0,4522.957733607504,-12.0,0.9577336075046387
2023-09-29,4510.0,4508.75,4510.88680971492,-1.25,0.8868097149194989
2023-10-02,4508.75,4449.25,4509.65002811546,-59.5,0.9000281154602138
2023-10-03,4449.25,4482.25,4450.128187565145,33.0,0.8781875651444314
2023-10-04,4482.25,4475.25,4483.138022154794,-7.0,0.8880221547940329
2023-10-05,4475.25,4526.0,4476.115665127721,50.75,0.8656651277209165
2023-10-06,4526.0,4553.25,4526.87582062813,27.25,0.875820628129571
2023-10-09,4553.25,4576.0,4554.127045593843,22.75,0.8770455938431696
2023-10-10,4576.0,4594.25,4576.867662227126,18.25,0.867662227125861
2023-10-11,4594.25,4565.0,4595.183915833858,-29.25,0.9339158338580372
2023-10-12,4565.0,4541.75,4565.897539510758,-23.25,0.8975395107581513
2023-10-13,4541.75,4585.5,4542.675230957224,43.75,0.9252309572234766
2023-10-16,4585.5,4586.25,4586.391690084232,0.75,0.8916900842325665
2023-10-17,4586.25,4526.75,4587.134246479325,-59.5,0.8842464793249049
2023-10-18,4526.75,4487.5,4527.63737481404,-39.25,0.8873748140406583
2023-10-19,4487.5,4433.0,4488.383650229411,-54.5,0.8836502294106937
2023-10-20,4433.0,4426.25,4433.91978240117,-6.75,0.9197824011698558
2023-10-23,4426.25,4455.75,4427.158598966547,29.5,0.9085989665471232
2023-10-24,4455.75,4394.25,4456.678804360754,-61.5,0.9288043607539882
2023-10-25,4394.25,4341.0,4395.148544041759,-53.25,0.8985440417594783
2023-10-26,4341.0,4322.25,4341.896473626935,-18.75,0.8964736269352261
2023-10-27,4322.25,4370.25,4323.145474639059,48.0,0.8954746390586966
2023-10-30,4370.25,4396.75,4371.118191821837,26.5,0.8681918218375032
2023-10-31,4396.75,4440.5,4397.639364393206,43.75,0.8893643932056693
2023-11-01,4440.5,4520.25,4441.400127120493,79.75,0.9001271204929681
2023-11-02,4520.25,4560.5,4521.131843761132,40.25,0.8818437611316366
2023-11-03,4560.5,4568.75,4561.430517329163,8.25,0.9305173291631252
2023-11-06,4568.75,4580.5,4569.6305744408355,11.75,0.8805744408355463
2023-11-07,4580.5,4584.0,4581.402033631628,3.5,0.9020336316283661
2023-11-08,4584.0,4546.75,4584.8661703657,-37.25,0.8661703656996503
2023-11-09,4546.75,4615.0,4547.617428969042,68.25,0.867428969041614
2023-11-10,4615.0,4609.75,4615.867924639378,-5.25,0.8679246393776591
2023-11-13,4609.75,4695.5,4610.610037868679,85.75,0.8600378686787244
2023-11-14,4695.5,4703.75,4696.380993928213,8.25,0.8809939282131494
2023-11-15,4703.75,4707.75,4704.62817999238,4.0,0.878179992379708
2023-11-16,4707.75,4712.0,4708.629125991055,4.25,0.8791259910553629
2023-11-17,4712.0,4746.75,4712.906217219612,34.75,0.9062172196118224
2023-11-20,4746.75,4735.75,4747.65975718741,-11.0,0.9097571874094919
2023-11-21,4735.75,4751.75,4736.65667141885,16.0,0.9066714188500085
2023-11-22,4751.75,4752.75,4752.673820864463,1.0,0.9238208644628775
2023-11-24,4752.75,4745.5,4753.6673697787555,-7.25,0.9173697787553128
2023-11-27,4745.5,4747.5,4746.4049686245535,2.0,0.9049686245538074
2023-11-28,4747.5,4743.75,4748.424059185388,-3.75,0.9240591853877056
2023-11-29,4743.75,4761.25,4744.608678727434,17.5,0.8586787274344678
2023-11-30,4761.25,4785.25,4762.14910288386,24.0,0.8991028838601365
2023-12-01,4785.25,4761.0,4786.136007620868,-24.25,0.8860076208685085
2023-12-04,4761.0,4759.5,4761.89003076331,-1.5,0.890030763309976
2023-12-05,4759.5,4740.5,4760.383150857674,-19.0,0.8831508576741187
2023-12-06,4740.5,4774.0,4741.385888061882,33.5,0.8858880618817176
2023-12-07,4774.0,4792.0,4774.882413611259,18.0,0.8824136112587263
2023-12-08,4792.0,4810.5,4792.921706467188,18.5,0.9217064671887807
2023-12-11,4810.5,4830.25,4811.382300009395,19.75,0.8823000093951626
2023-12-12,4830.25,4892.75,4831.189541913215,62.5,0.9395419132155699
2023-12-13,4892.75,4906.0,4893.65185378862,13.25,0.9018537886200394
2023-12-14,4906.0,4900.0,4906.91974108372,-6.0,0.9197410837198464
2023-12-15,4900.0,4925.0,4900.9002304941905,25.0,0.9002304941906373
2023-12-18,4925.0,4952.25,4925.879084975248,27.25,0.8790849752480552
2023-12-19,4952.25,4881.75,4953.170471656826,-70.5,0.9204716568253671
2023-12-20,4881.75,4928.75,4882.643529205726,47.0,0.8935292057258555
2023-12-21,4928.75,4937.25,4929.647158595787,8.5,0.89715859578659
2023-12-22,4937.25,4965.5,4938.133189169613,28.25,0.8831891696128162
2023-12-27,4965.5,4964.25,4966.393109537251,-1.25,0.8931095372506423
2023-12-28,4964.25,4952.0,4965.171963854247,-12.25,0.9219638542467806
2023-12-29,4952.0,4919.25,4952.904037747028,-32.75,0.9040377470278191
2024-01-02,4919.25,4878.5,4920.185123040333,-40.75,0.935123040332481
2024-01-03,4878.5,4861.5,4879.362969209363,-17.0,0.8629692093626946
2024-01-04,4861.5,4866.75,4862.404167332428,5.25,0.9041673324281809
2024-01-05,4866.75,4933.25,4867.617248511439,66.5,0.8672485114390944
2024-01-08,4933.25,4924.75,4934.155377208949,-8.5,0.9053772089490921
2024-01-09,4924.75,4952.25,4925.626846566573,27.5,0.8768465665721641
2024-01-10,4952.25,4947.5,4953.137901354097,-4.75,0.8879013540971582
2024-01-11,4947.5,4948.5,4948.367619883064,1.0,0.867619883064306
2024-01-12,4948.5,4930.5,4949.388605221887,-18.0,0.888605221887128
2024-01-16,4930.5,4903.25,4931.431854398083,-27.25,0.9318543980824618
2024-01-17,4903.25,4943.25,4904.162491485718,40.0,0.912491485718442
2024-01-18,4943.25,5001.5,4944.171089374659,58.25,0.9210893746583182
2024-01-19,5001.5,5013.0,5002.426348900356,11.5,0.9263489003558726
2024-01-22,5013.0,5027.0,5013.896695706841,14.0,0.8966957068406136
2024-01-23,5027.0,5030.0,5027.89360180228,3.0,0.8936018022797775
2024-01-24,5030.0,5055.25,5030.913880037136,25.25,0.9138800371359634
2024-01-25,5055.25,5048.25,5056.139474863344,-7.0,0.8894748633438575
2024-01-26,5048.25,5086.5,5049.192331976181,38.25,0.9423319761810418
2024-01-29,5086.5,5083.0,5087.408486815259,-3.5,0.9084868152585854
2024-01-30,5083.0,5002.5,5083.961287343647,-80.5,0.9612873436475509
2024-01-31,5002.5,5060.5,5003.380633514508,58.0,0.8806335145086386
2024-02-01,5060.5,5112.25,5061.426803900138,51.75,0.9268039001384072
2024-02-02,5112.25,5094.0,5113.136339530616,-18.25,0.8863395306166201
2024-02-05,5094.0,5106.75,5094.904871742458,12.75,0.9048717424584787
2024-02-06,5106.75,5147.25,5107.607914928233,40.5,0.8579149282334708
2024-02-07,5147.25,5149.75,5148.179084682193,2.5,0.9290846821927781
2024-02-08,5149.75,5176.0,5150.651804021814,26.25,0.9018040218142367
2024-02-09,5176.0,5173.25,5176.937105762864,-2.75,0.9371057628638014
2024-02-12,5173.25,5103.25,5174.124052343527,-70.0,0.8740523435272107
2024-02-13,5103.25,5150.0,5104.160642600383,46.75,0.910642600382468
2024-02-14,5150.0,5178.5,5150.868461091599,28.5,0.8684610915985006
2024-02-15,5178.5,5151.75,5179.411809289489,-26.75,0.9118092894891509
2024-02-16,5151.75,5123.5,5152.613549745067,-28.25,0.8635497450666849
2024-02-20,5123.5,5128.25,5124.385174758214,4.75,0.8851747582142108
2024-02-21,5128.25,5229.75,5129.114028601273,101.5,0.8640286012736411
2024-02-22,5229.75,5233.5,5230.622468965036,3.75,0.8724689650360887
2024-02-23,5233.5,5212.25,5234.389459621073,-21.25,0.8894596210733607
2024-02-26,5212.25,5222.0,5213.130919266724,9.75,0.8809192667236326
2024-02-27,5222.0,5213.0,5222.900895429309,-9.0,0.9008954293083034
2024-02-28,5213.0,5235.75,5213.8869683851935,22.75,0.8869683851931199
2024-02-29,5235.75,5278.0,5236.635876884783,42.25,0.8858768847833441
2024-03-01,5278.0,5270.25,5278.889379881411,-7.75,0.8893798814104829
2024-03-04,5270.25,5217.75,5271.138490967015,-52.5,0.8884909670154679
2024-03-05,5217.75,5243.75,5218.634386583393,26.0,0.8843865833929296
2024-03-06,5243.75,5293.75,5244.63519415175,50.0,0.8851941517495835
2024-03-07,5293.75,5261.0,5294.659919324089,-32.75,0.9099193240892376
2024-03-08,5261.0,5255.0,5261.876075183177,-6.0,0.8760751831765125
2024-03-11,5255.0,5309.25,5255.911662658401,54.25,0.9116626584011421
2024-03-12,5309.25,5300.0,5310.132394407488,-9.25,0.8823944074882435
2024-03-13,5300.0,5285.75,5300.890159716853,-14.25,0.8901597168535528
2024-03-14,5285.75,5250.5,5286.647472151218,-35.25,0.8974721512175774
2024-03-15,5250.5,5282.5,5251.383461452497,32.0,0.8834614524966155
2024-03-18,5282.5,5309.5,5283.392827807216,27.0,0.8928278072165239
2024-03-19,5309.5,5354.5,5310.374728763147,45.0,0.8747287631469886
2024-03-20,5354.5,5370.25,5355.397933318543,15.75,0.8979333185435061
2024-03-21,5370.25,5361.0,5371.131781217646,-9.25,0.8817812176457579
2024-03-22,5361.0,5346.0,5361.922654261572,-15.0,0.9226542615714709
2024-03-25,5346.0,5333.0,5346.908267624225,-13.0,0.9082676242248029
2024-03-26,5333.0,5376.0,5333.9115675512085,43.0,0.9115675512085919
2024-03-27,5376.0,5376.25,5376.906407690326,0.25,0.9064076903259012
2024-03-28,5376.25,5328.25,5377.149455464917,-48.0,0.8994554649166822
2024-04-02,5328.25,5334.25,5329.145917346006,6.0,0.8959173460057969
2024-04-03,5334.25,5265.0,5335.173748949751,-69.25,0.923748949750841
2024-04-04,5265.0,5320.75,5265.9008748526285,55.75,0.900874852628033
2024-04-05,5320.75,5321.0,5321.689321972769,0.25,0.9393219727692397
2024-04-08,5321.0,5328.0,5321.863428197784,7.0,0.8634281977842725
2024-04-09,5328.0,5275.5,5328.883711945231,-52.5,0.8837119452311988
2024-04-10,5275.5,5311.0,5276.377562627033,35.5,0.8775626270327519
2024-04-11,5311.0,5235.25,5311.8819755920895,-75.75,0.8819755920896014
2024-04-12,5235.25,5171.75,5236.127686581814,-63.5,0.8776865818134568
2024-04-15,5171.75,5160.25,5172.690507956223,-11.5,0.9405079562226124
2024-04-16,5160.25,5130.0,5161.141278050376,-30.25,0.8912780503760185
2024-04-17,5130.0,5116.75,5130.942433481752,-13.25,0.9424334817519242
2024-04-18,5116.75,5071.5,5117.6297508612315,-45.25,0.8797508612318575
2024-04-19,5071.5,5115.25,5072.393818734315,43.75,0.893818734314807
2024-04-22,5115.25,5174.25,5116.129627516577,59.0,0.8796275165766795
2024-04-23,5174.25,5175.25,5175.143350456671,1.0,0.8933504566710895
2024-04-24,5175.25,5150.0,5176.134259604389,-25.25,0.8842596043885468
2024-04-25,5150.0,5199.25,5150.903981649492,49.25,0.9039816494927562
2024-04-26,5199.25,5214.75,5200.140488516702,15.5,0.8904885167017709
2024-04-29,5214.75,5134.75,5215.684928255148,-80.0,0.9349282551487538
2024-04-30,5134.75,5159.25,5135.660084443114,24.5,0.9100844431141403
2024-05-02,5159.25,5222.5,5160.1705227567845,63.25,0.9205227567841751
2024-05-03,5222.5,5274.25,5223.443239484096,51.75,0.9432394840959387
2024-05-06,5274.25,5281.5,5275.1487546832195,7.25,0.8987546832191942
2024-05-07,5281.5,5280.5,5282.451981333654,-1.0,0.9519813336539606
2024-05-08,5280.5,5306.75,5281.40645171859,26.25,0.906451718590064
2024-05-09,5306.75,5314.0,5307.7029922501915,7.25,0.9529922501914273
2024-05-10,5314.0,5313.25,5314.86976496865,-0.75,0.8697649686505102
2024-05-13,5313.25,5337.25,5314.139161811484,24.0,0.8891618114835909
2024-05-14,5337.25,5400.75,5338.129728516136,63.5,0.8797285161360869
2024-05-15,5400.75,5388.0,5401.636831462797,-12.75,0.8868314627969284
2024-05-16,5388.0,5395.0,5388.880710947844,7.0,0.880710947843986
2024-05-17,5395.0,5399.5,5395.888421974004,4.5,0.8884219740041782
2024-05-20,5399.5,5413.0,5400.3841312451605,13.5,0.8841312451608696
2024-05-21,5413.0,5395.75,5413.8792928269,-17.25,0.8792928269006911
2024-05-22,5395.75,5353.0,5396.640436410929,-42.75,0.8904364109290874
2024-05-23,5353.0,5389.25,5353.9033513471695,36.25,0.903351347169819
2024-05-24,5389.25,5392.5,5390.141469630238,3.25,0.891469630238252
2024-05-28,5392.5,5351.75,5393.43158587041,-40.75,0.9315858704104879
2024-05-29,5351.75,5320.75,5352.6413861755545,-31.0,0.8913861755547939
2024-05-30,5320.75,5363.25,5321.671545864096,42.5,0.9215458640960024
2024-05-31,5363.25,5365.0,5364.133925841056,1.75,0.8839258410558097
2024-06-03,5365.0,5371.75,5365.886529428952,6.75,0.886529428951774
2024-06-04,5371.75,5433.75,5372.642473940719,62.0,0.8924739407192265
2024-06-05,5433.75,5431.75,5434.65938195771,-2.0,0.9093819577099903
2024-06-06,5431.75,5423.5,5432.649875548248,-8.25,0.899875548247625
2024-06-07,5423.5,5439.0,5424.408657189571,15.5,0.9086571895718059
2024-06-10,5439.0,5451.75,5439.903702394803,12.75,0.9037023948032099
2024-06-11,5451.75,5495.25,5452.643184264504,43.5,0.8931842645041853
2024-06-12,5495.25,5506.25,5496.168292101082,11.0,0.9182921010824173
2024-06-13,5506.25,5505.25,5507.147372404997,-1.0,0.8973724049978838
2024-06-14,5505.25,5546.25,5506.159276097101,41.0,0.9092760971007638
2024-06-17,5546.25,5558.75,5547.134157833649,12.5,0.8841578336491069
2024-06-18,5558.75,5544.5,5559.634304153526,-14.25,0.88430415352596
2024-06-20,5544.5,5534.25,5545.4105610428405,-10.25,0.9105610428404286
2024-06-21,5534.25,5517.0,5535.1540461727545,-17.25,0.9040461727548667
2024-06-24,5517.0,5537.0,5517.90477529408,20.0,0.904775294079479
2024-06-25,5537.0,5543.5,5537.896799289981,6.5,0.8967992899806206
2024-06-26,5543.5,5546.0,5544.37751494929,2.5,0.87751494928989
2024-06-27,5546.0,5521.5,5546.922416039254,-24.5,0.9224160392540932
2024-06-28,5521.5,5533.75,5522.384453675071,12.25,0.8844536750711901
2024-07-01,5533.75,5568.75,5534.67715241996,35.0,0.9271524199601809
2024-07-02,5568.75,5590.25,5569.61858890492,21.5,0.8685889049198963
2024-07-03,5590.25,5621.5,5591.141120094755,31.25,0.8911200947550023
2024-07-05,5621.5,5625.25,5622.376846882755,3.75,0.8768468827543279
2024-07-08,5625.25,5631.25,5626.158473936465,6.0,0.9084739364650612
2024-07-09,5631.25,5688.0,5632.129059855697,56.75,0.8790598556972166
2024-07-10,5688.0,5639.75,5688.903861739083,-48.25,0.9038617390837197
2024-07-11,5639.75,5664.75,5640.654808638841,25.0,0.9048086388408627
2024-07-12,5664.75,5683.0,5665.6631280331585,18.25,0.9131280331584665
2024-07-15,5683.0,5717.25,5683.911148490618,34.25,0.9111484906178849
2024-07-16,5717.25,5639.0,5718.1587927638,-78.25,0.9087927638000853
2024-07-17,5639.0,5594.5,5639.883570055056,-44.5,0.8835700550563317
2024-07-18,5594.5,5553.75,5595.363568599154,-40.75,0.8635685991536792
2024-07-19,5553.75,5610.75,5554.617562190663,57.0,0.8675621906635802
2024-07-22,5610.75,5599.25,5611.610699740642,-11.5,0.8606997406425626
2024-07-23,5599.25,5472.0,5600.1543380578105,-127.25,0.9043380578104164
2024-07-24,5472.0,5441.25,5472.8825966578415,-30.75,0.8825966578412774
2024-07-25,5441.25,5499.0,5442.173384404811,57.75,0.9233844048110713
2024-07-26,5499.0,5503.0,5499.923841902746,4.0,0.9238419027461899
2024-07-29,5503.0,5472.5,5503.919645899105,-30.5,0.919645899104787
2024-07-30,5472.5,5558.0,5473.42886124026,85.5,0.9288612402598014
2024-07-31,5558.0,5480.25,5558.907445555113,-77.75,0.9074455551123551
2024-08-01,5480.25,5376.0,5481.157954355564,-104.25,0.9079543555640116
2024-08-02,5376.0,5217.5,5376.904122783687,-158.5,0.9041227836865393
2024-08-05,5217.5,5266.25,5218.44623620035,48.75,0.9462362003495624
2024-08-06,5266.25,5227.5,5267.235211818323,-38.75,0.9852118183226808
2024-08-07,5227.5,5348.25,5228.463300222651,120.75,0.9633002226512029
2024-08-08,5348.25,5370.25,5349.251562673327,22.0,1.0015626733265661
2024-08-09,5370.25,5369.75,5371.158915102624,-0.5,0.9089151026239967
2024-08-12,5369.75,5459.0,5370.654728066309,89.25,0.9047280663093623
2024-08-13,5459.0,5477.0,5459.913781998984,18.0,0.9137819989835788
2024-08-14,5477.0,5567.5,5477.8922772562855,90.5,0.8922772562851283
2024-08-15,5567.5,5578.25,5568.381208568464,10.75,0.8812085684641453
2024-08-16,5578.25,5630.0,5579.123536706658,51.75,0.8735367066584203
2024-08-19,5630.0,5619.75,5630.893095742666,-10.25,0.8930957426666563
2024-08-20,5619.75,5641.5,5620.647634723283,21.75,0.897634723283178
2024-08-21,5641.5,5594.0,5642.393363323624,-47.5,0.893363323623587
2024-08-22,5594.0,5652.5,5594.899034517926,58.5,0.8990345179264086
2024-08-23,5652.5,5637.0,5653.401597042746,-15.5,0.9015970427464396
2024-08-26,5637.0,5644.75,5637.8927623771615,7.75,0.8927623771611796
2024-08-27,5644.75,5610.25,5645.65876795928,-34.5,0.9087679592807347
2024-08-28,5610.25,5610.0,5611.14490405351,-0.25,0.8949040535102539
2024-08-29,5610.0,5661.0,5610.892397847171,51.0,0.8923978471709455
2024-08-30,5661.0,5541.75,5661.911245716568,-119.25,0.9112457165685505
2024-09-03,5541.75,5530.0,5542.684058630815,-11.75,0.9340586308157605
2024-09-04,5530.0,5512.25,5530.921647231348,-17.75,0.9216472313479038
2024-09-05,5512.25,5419.5,5513.179782013112,-92.75,0.9297820131119456
2024-09-06,5419.5,5479.5,5420.410327634948,60.0,0.9103276349479411
2024-09-09,5479.5,5504.0,5480.387578115362,24.5,0.8875781153620682
2024-09-10,5504.0,5621.5,5504.885148002061,117.5,0.8851480020608431
2024-09-11,5621.5,5662.5,5622.385637812985,41.0,0.8856378129846296
2024-09-12,5662.5,5690.0,5663.374003851393,27.5,0.8740038513937278
2024-09-13,5690.0,5698.25,5690.891337075748,8.25,0.8913370757481615
2024-09-16,5698.25,5699.25,5699.119361133569,1.0,0.869361133569131
2024-09-17,5699.25,5681.0,5700.158615271076,-18.25,0.9086152710756803
2024-09-18,5681.0,5778.0,5681.91023652388,97.0,0.9102365238794204
2024-09-19,5778.0,5762.0,5778.901044879946,-16.0,0.9010448799460327
2024-09-20,5762.0,5776.75,5762.928052956231,14.75,0.928052956230845
2024-09-23,5776.75,5792.0,5777.650197003421,15.25,0.9001970034212765
2024-09-24,5792.0,5779.0,5792.940784560313,-13.0,0.9407845603130803
2024-09-25,5779.0,5804.5,5779.971471368766,25.5,0.971471368766059
2024-09-26,5804.5,5791.25,5805.454637158405,-13.25,0.9546371584045549
2024-09-27,5791.25,5814.25,5792.231406248772,23.0,0.9814062487718892
2024-09-30,5814.25,5759.75,5815.221893678572,-54.5,0.9718936785718457
2024-10-01,5759.75,5760.25,5760.70801205943,0.5,0.958012059430147
2024-10-02,5760.25,5749.5,5761.2225123069875,-10.75,0.9725123069874236
2024-10-03,5749.5,5800.0,5750.439116248523,50.5,0.939116248522253
2024-10-04,5800.0,5744.75,5800.896105329133,-55.25,0.89610532913337
2024-10-07,5744.75,5800.5,5745.643045517021,55.75,0.8930455170207993
2024-10-08,5800.5,5841.25,5801.387386217982,40.75,0.8873862179814083
2024-10-09,5841.25,5829.0,5842.201695289246,-12.25,0.9516952892463536
2024-10-10,5829.0,5859.75,5829.958585105355,30.75,0.9585851053550177
2024-10-11,5859.75,5908.25,5860.710478375235,48.5,0.9604783752347543
2024-10-14,5908.25,5862.75,5909.194180397455,-45.5,0.94418039745551
2024-10-15,5862.75,5887.0,5863.646678072447,24.25,0.8966780724467946
2024-10-16,5887.0,5887.0,5887.888531919472,0.0,0.888531919472385
2024-10-17,5887.0,5906.0,5887.876126821997,19.0,0.8761268219968912
2024-10-18,5906.0,5896.25,5906.922970625091,-9.75,0.9229706250903895
2024-10-21,5896.25,5892.5,5897.241430277539,-3.75,0.9914302775384348
2024-10-22,5892.5,5837.75,5893.479505306066,-54.75,0.9795053060662524
2024-10-23,5837.75,5849.0,5838.751242613399,11.25,1.0012426133992618
2024-10-24,5849.0,5846.0,5849.965964162664,-3.0,0.9659641626642153
2024-10-25,5846.0,5861.5,5846.9142193232055,15.5,0.9142193232057758
2024-10-28,5861.5,5871.0,5862.416707406079,9.5,0.9167074060789289
2024-10-29,5871.0,5852.0,5871.911313636023,-19.0,0.9113136360224543
2024-10-30,5852.0,5738.5,5852.897679769455,-113.5,0.8976797694546107
2024-10-31,5738.5,5758.25,5739.372956412059,19.75,0.8729564120584984
2024-11-01,5758.25,5743.25,5759.122433616695,-15.0,0.8724336166950206
2024-11-04,5743.25,5812.25,5744.154854971551,69.0,0.9048549715511142
2024-11-05,5812.25,5958.25,5813.158767594873,146.0,0.9087675948734087
2024-11-06,5958.25,6003.75,5959.152784870505,45.5,0.9027848705048714
2024-11-07,6003.75,6025.25,6004.670818082798,21.5,0.9208180827980244
2024-11-08,6025.25,6031.75,6026.150753258025,6.5,0.9007532580253075
2024-11-11,6031.75,6013.0,6032.65764245141,-18.75,0.9076424514096536
2024-11-12,6013.0,6016.0,6013.896401432958,3.0,0.8964014329574227
2024-11-13,6016.0,5978.25,6016.899900063502,-37.75,0.8999000635025645
2024-11-14,5978.25,5896.5,5979.164303941701,-81.75,0.9143039417017202
2024-11-15,5896.5,5920.0,5897.408087645162,23.5,0.9080876451614305
2024-11-18,5920.0,5938.75,5920.910738979344,18.75,0.9107389793442724
2024-11-19,5938.75,5937.75,5939.6386844528115,-1.0,0.8886844528111462
2024-11-20,5937.75,5970.5,5938.655370367473,32.75,0.905370367472619
2024-11-21,5970.5,5987.0,5971.385176989839,16.5,0.8851769898395044
2024-11-22,5987.0,6006.5,5987.897037847236,19.5,0.8970378472362939
2024-11-25,6006.5,6038.25,6007.457061563497,31.75,0.9570615634969866
2024-11-26,6038.25,6015.0,6039.301384325711,-23.25,1.0513843257111328
2024-11-27,6015.0,6051.5,6016.005007221135,36.5,1.0050072211347896
2024-11-29,6051.5,6061.75,6052.555607492673,10.25,1.0556074926729955
2024-12-02,6061.75,6063.25,6062.65570754188,1.5,0.9057075418792145
2024-12-03,6063.25,6098.5,6064.222381252248,35.25,0.9723812522479278
2024-12-04,6098.5,6088.75,6099.44635085581,-9.75,0.9463508558103122
2024-12-05,6088.75,6099.0,6089.725360914823,10.25,0.975360914823046
2024-12-06,6099.0,6133.75,6099.908344637676,34.75,0.908344637676478
2024-12-09,6133.75,6114.25,6134.64826217915,-19.5,0.8982621791500792
2024-12-10,6114.25,6160.75,6115.155852384453,46.5,0.9058523844528538
2024-12-11,6160.75,6128.75,6161.637677435092,-32.0,0.8876774350923821
2024-12-12,6128.75,6123.5,6129.630915063135,-5.25,0.880915063134809
2024-12-13,6123.5,6148.5,6124.462427898228,25.0,0.9624278982282021
2024-12-16,6148.5,6121.75,6149.4214811187585,-26.75,0.92148111875852
2024-12-17,6121.75,5940.25,6122.726242984455,-181.5,0.9762429844547404
2024-12-18,5940.25,5934.0,5941.148914172909,-6.25,0.8989141729087883
2024-12-19,5934.0,6001.75,5934.906454902949,67.75,0.906454902949274
2024-12-20,6001.75,6036.0,6002.780247371219,34.25,1.030247371218858
2024-12-23,6036.0,6098.0,6037.005077077603,62.0,1.0050770776034363
2024-12-24,6098.0,6027.0,6099.02677879585,-71.0,1.0267787958503816
2024-12-27,6027.0,5958.75,6027.997324447603,-68.25,0.9973244476027853
2024-12-30,5958.75,5935.75,5959.69582161699,-23.0,0.9458216169898285
2024-12-31,5935.75,5916.5,5936.702228213584,-19.25,0.9522282135841922
2025-01-02,5916.5,5989.5,5917.404006455469,73.0,0.9040064554696403
2025-01-03,5989.5,6020.5,5990.383389480246,31.0,0.8833894802458282
2025-01-06,6020.5,5954.25,6021.353016991721,-66.25,0.8530169917216379
2025-01-07,5954.25,5959.25,5955.126328991791,5.0,0.8763289917903115
2025-01-08,5959.25,5944.75,5960.1205366577815,-14.5,0.870536657781622
2025-01-09,5944.75,5866.25,5945.6066760806625,-78.5,0.8566760806622392
2025-01-10,5866.25,5874.5,5867.175841506292,8.25,0.9258415062922625
2025-01-13,5874.5,5882.25,5875.38582721529,7.75,0.885827215289866
2025-01-14,5882.25,5989.0,5883.217611442599,106.75,0.9676114425993763
2025-01-15,5989.0,5975.5,5989.914702099169,-13.5,0.9147020991683519
2025-01-16,5975.5,6033.5,5976.428983960334,58.0,0.9289839603345723
2025-01-17,6033.5,6084.25,6034.476941308767,50.75,0.9769413087665799
2025-01-21,6084.25,6120.5,6085.20426643876,36.25,0.9542664387598945
2025-01-22,6120.5,6152.0,6121.470122195841,31.5,0.9701221958408635
2025-01-23,6152.0,6133.25,6152.93460478015,-18.75,0.9346047801500735
2025-01-24,6133.25,6046.75,6134.217928922129,-86.5,0.9679289221294511
2025-01-27,6046.75,6097.0,6047.6747712949145,50.25,0.9247712949145829
2025-01-28,6097.0,6067.5,6097.987027895714,-29.5,0.9870278957145862
2025-01-29,6067.5,6099.25,6068.418921394713,31.75,0.9189213947131264
2025-01-30,6099.25,6067.25,6100.1940690351175,-32.0,0.9440690351173403
2025-01-31,6067.25,6022.25,6068.1714956248325,-45.0,0.9214956248327499
2025-02-03,6022.25,6063.0,6023.197512260288,40.75,0.9475122602883475
2025-02-04,6063.0,6086.5,6063.942028884156,23.5,0.9420288841558007
2025-02-05,6086.5,6106.0,6087.448980495304,19.5,0.9489804953035451
2025-02-06,6106.0,6049.5,6106.930538592236,-56.5,0.9305385922365197
2025-02-07,6049.5,6088.75,6050.426239838587,39.25,0.9262398385873934
2025-02-10,6088.75,6092.25,6089.64258461093,3.5,0.8925846109297275
2025-02-11,6092.25,6072.75,6093.146574204971,-19.5,0.8965742049716956
2025-02-12,6072.75,6135.25,6073.626384523788,62.5,0.8763845237883033
2025-02-13,6135.25,6132.0,6136.1152107815415,-3.25,0.8652107815418492
2025-02-14,6132.0,6146.75,6132.951375948368,14.75,0.9513759483678577
2025-02-18,6146.75,6163.0,6147.67442262678,16.25,0.924422626780062
2025-02-19,6163.0,6136.5,6163.949323649813,-26.5,0.9493236498127331
2025-02-20,6136.5,6029.0,6137.393609644572,-107.5,0.8936096445724533
2025-02-21,6029.0,6000.75,6029.904051126234,-28.25,0.9040511262339288
2025-02-24,6000.75,5970.0,6001.642984024574,-30.75,0.8929840245738775
2025-02-25,5970.0,5970.75,5970.905319685459,0.75,0.9053196854589408
2025-02-26,5970.75,5876.25,5971.707332247,-94.5,0.9573322470000408
2025-02-27,5876.25,5963.25,5877.180115381893,87.0,0.930115381892985
2025-02-28,5963.25,5860.75,5964.212637637028,-102.5,0.9626376370274787
2025-03-03,5860.75,5789.5,5861.674136848376,-71.25,0.9241368483761416
2025-03-04,5789.5,5851.25,5790.422808017634,61.75,0.9228080176343173
2025-03-05,5851.25,5746.25,5852.137158631391,-105.0,0.8871586313910201
2025-03-06,5746.25,5776.0,5747.106457068203,29.75,0.8564570682026323
2025-03-07,5776.0,5620.75,5776.845005176738,-155.25,0.8450051767377148
2025-03-10,5620.75,5627.25,5621.599460754268,6.5,0.8494607542675765
2025-03-11,5627.25,5655.0,5628.099069402825,27.75,0.8490694028246915
2025-03-12,5655.0,5577.75,5655.9243245804255,-77.25,0.9243245804252721
2025-03-13,5577.75,5690.25,5578.6889963084905,112.5,0.9389963084905545
2025-03-14,5690.25,5730.5,5691.190818320399,40.25,0.9408183203984586
2025-03-17,5730.5,5668.25,5731.443813289199,-62.25,0.9438132891988716
2025-03-18,5668.25,5728.75,5669.2117067911295,60.5,0.961706791129727
2025-03-19,5728.75,5712.75,5729.703723824488,-16.0,0.9537238244886382
2025-03-20,5712.75,5718.25,5713.726780921882,5.5,0.9767809218819375
2025-03-21,5718.25,5815.5,5719.188251812205,97.25,0.938251812205131
2025-03-24,5815.5,5826.5,5816.470011846443,11.0,0.9700118464436219
